step,train_loss,val_loss
0,5.578113079071045,5.578632831573486
500,2.2762558460235596,2.2856316566467285
1000,2.007276773452759,2.070958137512207
1500,1.8834444284439087,1.985945701599121
2000,1.7876620292663574,1.921520471572876
2500,1.728965163230896,1.8873296976089478
3000,1.693520426750183,1.8630330562591553
3500,1.6539607048034668,1.8367542028427124
4000,1.6323635578155518,1.8056414127349854
4500,1.6160790920257568,1.7976152896881104
5000,1.5908421277999878,1.7707644701004028
