step,train_loss,val_loss
0,5.679430961608887,5.6780290603637695
500,2.048557758331299,2.1142683029174805
1000,1.734971523284912,1.8918426036834717
1500,1.5934100151062012,1.76714026927948
2000,1.504468321800232,1.6913602352142334
2500,1.4529404640197754,1.6504441499710083
3000,1.4074758291244507,1.6174525022506714
3500,1.3762867450714111,1.5926309823989868
4000,1.3475009202957153,1.5667284727096558
4500,1.323652744293213,1.5536431074142456
5000,1.307436227798462,1.5552412271499634
