step,train_loss,val_loss
0,5.578113079071045,5.578632831573486
500,2.2650270462036133,2.274242877960205
1000,2.02689790725708,2.083998441696167
1500,1.9087458848953247,1.9981905221939087
2000,1.8089531660079956,1.9323714971542358
2500,1.7487969398498535,1.8953243494033813
3000,1.7096917629241943,1.8695842027664185
3500,1.668181300163269,1.8444150686264038
4000,1.6422231197357178,1.8108168840408325
4500,1.6221919059753418,1.7993074655532837
5000,1.5997365713119507,1.7749935388565063
