step,train_loss,val_loss
0,5.679430961608887,5.6780290603637695
500,2.011763334274292,2.086747646331787
1000,1.708870768547058,1.8698055744171143
1500,1.5739867687225342,1.747861385345459
2000,1.491876482963562,1.688977599143982
2500,1.4414539337158203,1.6459369659423828
3000,1.3946950435638428,1.6127382516860962
3500,1.3653247356414795,1.5872853994369507
4000,1.3379552364349365,1.558258295059204
4500,1.3150662183761597,1.5460624694824219
5000,1.2963790893554688,1.5332560539245605
